1,Myrta,2001-06-01
2,Hercule,2003-06-02
3,Oliver,2004-01-21
4,Jamison,2001-07-13
5,Cathi,2003-04-05
6,Blayne,2003-08-31
7,Jeromy,1999-03-25
8,Myrle,2002-04-20
9,Harriott,1999-09-22
10,Wandie,1996-01-01
11,Guy,1995-06-30
12,Avrit,2004-07-18
13,Emeline,1997-07-23
14,Olimpia,2005-04-05
15,Early,1999-11-03
16,Ari,2005-03-25
17,Jock,2004-08-25
18,Ring,2001-06-21
19,Orbadiah,2004-02-29
20,Ardra,2005-09-07
21,Jarrad,2001-02-10
22,Ford,1997-05-10
23,Othilia,1997-09-04
24,Hayley,1998-04-23
25,Crystie,1996-04-29
26,Philipa,2000-10-31
27,Halley,2005-07-05
28,Hamil,2004-10-06
29,Adrienne,2001-08-23
30,Vladimir,2004-10-28
31,Amalita,1996-08-07
32,Fae,1998-06-16
33,Brock,1999-08-06
34,Reynard,2001-08-14
35,Martica,2003-11-24
36,Manolo,1995-08-14
37,Ludvig,2003-02-07
38,Darsie,1998-10-30
39,Austen,2005-02-13
40,Bard,1996-08-06
41,Margy,2001-10-24
42,Claudio,2000-05-07
43,Ian,2002-06-04
44,Riki,2001-09-01
45,Talyah,1998-02-14
46,Audra,1997-07-27
47,Garner,1996-10-31
48,Therese,2005-01-04
49,Niven,2000-09-16
50,Reagan,1997-02-28
51,Brigitte,2003-09-08
52,Morry,1995-12-30
53,Wye,2003-04-14
54,Hewet,2002-08-08
55,Elberta,2002-03-29
56,Hercule,1996-08-26
57,Jedd,2005-09-11
58,Sayre,2004-11-26
59,Itch,2001-04-15
60,Lexie,1995-11-26
61,Brandise,2002-05-06
62,Barclay,2003-03-10
63,Lannie,2001-11-18
64,Ada,2003-10-19
65,Rosaline,1997-06-05
66,Niven,2002-11-04
67,Cynthia,2005-07-19
68,Lexy,2004-12-19
69,Janetta,1995-11-21
70,Matelda,1997-07-04
71,Tann,2001-01-08
72,Winny,2005-04-14
73,Ann-marie,2004-04-10
74,Rayshell,2003-08-18
75,Kayla,2004-10-07
76,Clarey,1995-07-07
77,Carmine,1997-04-18
78,Maude,2005-02-15
79,Jacquenette,1997-05-15
80,Lynnette,2004-08-24
81,Stirling,1996-12-03
82,Louisa,1998-10-18
83,Mellie,1995-07-07
84,Polly,2002-10-15
85,Manolo,1997-01-24
86,Chaddie,1999-12-03
87,Deeanne,1999-07-29
88,Aland,1999-09-14
89,Othella,2003-09-30
90,Amelia,1997-05-24
91,Donny,2003-02-21
92,Cosette,1996-04-11
93,Micheal,1996-11-12
94,Valida,1996-07-20
95,Stanislaw,2005-08-12
96,Beale,1999-02-25
97,Jud,2005-12-20
98,Rutger,2002-09-06
99,Saundra,2003-12-13
100,Christye,1997-02-20
101,Morly,2003-02-25
102,Emilie,1996-01-03
103,Valentina,1998-09-23
104,Joya,2002-08-23
105,Edin,2001-06-15
106,Cher,1995-12-04
107,Linnet,2002-08-13
108,Madlin,2005-04-13
109,Nicola,2001-04-24
110,Sherwynd,1999-12-10
111,Xymenes,1998-03-27
112,Cally,2005-06-02
113,Hadlee,2005-02-01
114,Jacquelyn,2002-05-22
115,Odille,1997-06-17
116,Jonathon,1998-08-06
117,Lucien,2004-07-21
118,Link,2003-12-10
119,Min,1998-04-27
120,Bernete,1999-12-05
121,Granger,1996-07-28
122,Aeriel,1996-11-03
123,Kendre,2003-01-02
124,Kalila,2003-06-25
125,Osbert,1998-05-16
126,Yalonda,1998-11-11
127,Nollie,1998-05-05
128,Kaitlin,2000-05-01
129,Irita,1996-01-28
130,Cahra,1995-08-08
131,Feliza,1998-01-16
132,Marchelle,2004-08-18
133,Milty,2003-05-06
134,Guthrey,2002-10-19
135,Ikey,2004-07-08
136,Dory,2001-05-19
137,Maison,2001-01-06
138,Chariot,1999-12-07
139,Saree,2001-02-04
140,Finlay,1998-04-14
141,Batholomew,2000-03-18
142,Leandra,1999-11-07
143,Fergus,2005-09-21
144,Steffi,2001-10-14
145,Kai,2002-08-08
146,Manolo,2000-11-25
147,Pace,1997-05-22
148,Rudie,1999-12-27
149,Felisha,2004-01-30
150,Emanuel,1995-12-28
151,Tally,1997-05-25
152,Ashli,2002-10-31
153,Fawne,2002-10-24
154,Patton,2005-08-03
155,Lulita,1998-02-15
156,Rhea,2001-09-03
157,Eartha,2004-08-15
158,Winston,1997-01-09
159,Olwen,2000-05-07
160,Katine,1995-04-03
161,Jania,1997-02-19
162,Mercy,2005-12-21
163,Clarabelle,2001-02-21
164,Egon,1996-03-22
165,Maryjo,1999-09-09
166,Bella,2000-04-18
167,Bogey,2002-10-20
168,Beniamino,1996-03-03
169,Dayna,1998-05-28
170,Culver,2000-04-04
171,Todd,1995-04-16
172,Netti,2000-11-03
173,Patsy,1996-11-04
174,Harman,2004-04-11
175,Tommy,1995-03-23
176,Matias,2002-09-16
177,Osborne,2000-02-07
178,Sebastien,2000-11-30
179,Mara,1997-12-22
180,Lou,2003-10-31
181,Solomon,2001-12-18
182,Theodor,1997-07-20
183,Carlota,2005-10-11
184,Sib,1999-03-01
185,Janeva,1998-08-01
186,Daria,2003-04-09
187,Brock,2001-08-06
188,Adena,2000-10-22
189,Kesley,2001-10-19
190,Gretta,2003-05-30
191,Fawne,2001-07-25
192,Kerstin,1998-10-16
193,Kareem,2001-02-11
194,Wilmar,2002-02-07
195,Camey,2004-01-26
196,Marv,2003-09-05
197,Matthieu,1997-03-19
198,Liane,2003-01-10
199,Horace,2004-01-28
200,Jo-anne,1997-11-04
201,Duane,1999-05-17
202,Robinia,1998-05-04
203,Mahmoud,2003-10-27
204,Morena,2004-11-03
205,Janella,2005-05-18
206,Jude,2003-06-16
207,Garrik,1997-06-10
208,Merill,1999-09-30
209,Melvin,1999-10-28
210,Sasha,1999-08-05
211,Joycelin,2004-06-26
212,Warner,2005-07-31
213,Kellia,1997-09-12
214,Elora,1998-09-12
215,Cirstoforo,1999-09-14
216,Lukas,2000-05-19
217,Giavani,2004-11-08
218,Sascha,1996-06-07
219,Lefty,2002-10-28
220,Itch,2003-11-19
221,Fredek,1998-10-04
222,Ab,1999-02-13
223,Lita,1995-09-06
224,Meg,2003-08-11
225,Mikael,2004-08-18
226,Hamlin,2002-08-05
227,Ashli,1996-06-20
228,Arlee,2003-05-12
229,Irvine,1995-07-21
230,Melisande,1999-07-21
231,Sherline,1996-09-11
232,Lynne,2003-10-05
233,Pansie,1999-10-01
234,Clare,1995-11-27
235,Paulina,1998-03-25
236,Sherri,1995-06-23
237,Klement,1996-03-26
238,Eyde,1998-08-15
239,Avrit,1997-11-23
240,Perkin,2000-09-30
241,Blake,2004-12-31
242,Doyle,2000-03-22
243,Lonna,2000-11-13
244,Lusa,1999-11-14
245,Barri,1997-10-15
246,Audra,2003-11-14
247,Tabbie,1996-03-13
248,Haily,1996-02-22
249,Putnam,2001-01-11
250,Merilyn,2002-02-13
251,Enrika,2004-04-03
252,Shanna,1997-11-09
253,Tedda,2004-03-18
254,Sarene,1999-07-16
255,Jedd,2005-07-05
256,Tiffani,2002-12-25
257,Dotty,2004-04-22
258,Romona,2002-07-18
259,Kristofer,2004-05-20
260,Jolene,2002-06-28
261,Gianna,2002-06-10
262,D'arcy,2002-07-13
263,Olag,2005-08-21
264,Rudd,1999-05-29
265,Wolf,1999-12-21
266,Carree,1998-03-18
267,Wanids,2004-01-12
268,Salomi,1997-05-30
269,Shamus,1995-05-06
270,Ailis,1995-09-30
271,Glenine,2005-07-22
272,Kristian,1997-12-10
273,Donna,2003-03-24
274,Thacher,1996-04-30
275,Fredia,1995-05-01
276,Bess,1997-02-17
277,Vidovik,2004-09-14
278,Andrei,2004-05-17
279,Angus,2001-07-21
280,Phineas,2000-02-27
281,Lem,2003-03-30
282,Darbie,1998-06-22
283,Lotte,1995-07-20
284,Archibald,2005-07-30
285,Paulo,1998-09-14
286,Cassey,1999-03-19
287,Waite,1997-03-06
288,Aimil,2005-12-04
289,Dedie,2002-07-23
290,Jeanna,2004-01-26
291,Saree,1998-07-04
292,Claudius,1997-09-15
293,Jacintha,1999-07-19
294,Ollie,2002-11-18
295,Niki,1997-01-26
296,Jephthah,2005-02-11
297,Massimiliano,1996-03-20
298,Kiersten,1996-01-30
299,Gill,1998-05-11
300,Geneva,1998-02-28
301,Imogene,2002-10-27
302,Wildon,1998-09-26
303,Prentiss,1996-06-02
304,Chrystal,1997-03-01
305,Rhody,1997-08-10
306,Keen,1995-03-08
307,Kurtis,1998-12-11
308,Katusha,2005-12-11
309,Hewie,1999-03-04
310,Zebadiah,1995-06-27
311,Joelie,1998-03-23
312,Stinky,1995-11-25
313,Ewen,2005-03-07
314,Catriona,1997-07-08
315,Belia,1997-12-05
316,Christan,1998-07-23
317,Jarred,2005-10-08
318,Perry,1996-03-08
319,Dulcie,2002-02-04
320,Valli,2004-06-26
321,Tess,1996-09-27
322,Kale,1998-11-29
323,Lionel,2002-04-14
324,Yvon,2005-07-13
325,Aldridge,1995-10-24
326,Josie,2005-10-20
327,Humphrey,2002-06-03
328,Wildon,2004-02-11
329,Lottie,2000-09-14
330,Cherri,2002-01-09
331,Coleen,1998-12-19
332,Franz,2004-12-29
333,Nevsa,2002-08-06
334,Sabrina,1997-10-18
335,Elysia,1999-01-19
336,Menard,2000-08-02
337,Ellene,1995-11-29
338,Raddy,1998-02-02
339,Amory,1999-10-20
340,Collen,1997-09-06
341,Lil,2001-09-25
342,Jenelle,1998-10-08
343,Karon,1998-02-20
344,Rosanne,1995-06-15
345,Dukie,2000-01-03
346,Ursala,2000-03-09
347,Gertrude,1996-12-25
348,Joni,1999-01-21
349,Winifred,2000-04-20
350,Shauna,1997-03-11
351,Kingston,2000-02-14
352,Berrie,1999-12-28
353,Letizia,2004-09-22
354,Trstram,1996-04-05
355,Clyde,1997-04-22
356,Quintana,1996-09-16
357,Brana,2001-12-28
358,Lynnet,2001-01-07
359,Dene,2003-02-21
360,Delmar,2004-01-28
361,Andrey,2005-11-17
362,Coraline,1995-06-03
363,Adriena,1996-05-25
364,Carmon,1999-04-05
365,Allegra,1998-12-31
366,Trevor,2005-12-08
367,Billy,2003-10-21
368,Sigmund,2005-08-07
369,Fidelio,1999-12-10
370,Obediah,2000-05-22
371,Guinna,2000-08-15
372,Kai,1996-03-11
373,Mariya,2005-01-12
374,Dorrie,2003-02-11
375,Jackelyn,1998-12-21
376,Deane,2001-05-17
377,Joete,2001-02-14
378,Charlena,2003-07-25
379,Adrienne,2005-03-11
380,Dallis,2004-10-09
381,Chere,1996-04-13
382,Bobina,2003-11-06
383,Meggi,2002-06-18
384,Matty,1995-12-21
385,Charles,1996-02-10
386,Revkah,1999-04-09
387,Pearl,2005-02-25
388,Emmalee,2004-01-13
389,Benedicto,2005-04-22
390,Husain,1995-10-19
391,Nahum,1998-10-08
392,Lezley,2004-12-08
393,Gretta,2003-02-09
394,Mellisa,2004-01-29
395,Faulkner,1995-04-18
396,Zulema,1996-08-19
397,Joachim,2004-08-03
398,Chrissie,2005-12-05
399,Obie,2003-11-21
400,Charmion,2002-04-19
401,Larine,2001-06-16
402,Alisun,1998-10-17
403,Jarrid,1996-04-20
404,Jillana,2005-08-27
405,Tanney,1999-12-31
406,Madonna,2005-09-01
407,Ethelda,2004-11-23
408,Darcie,1998-08-22
409,Joan,2001-09-15
410,Jaime,1996-12-18
411,Donetta,2000-05-25
412,Ursa,1996-08-13
413,Myriam,2000-05-10
414,Warner,2002-08-15
415,Beverie,1996-10-22
416,Chrissie,2002-03-24
417,Bary,2002-06-13
418,Cecile,1996-04-25
419,Carce,2005-09-20
420,Alister,1999-01-25
421,Phaidra,2003-04-04
422,Rorie,1996-01-19
423,Georgia,1995-12-12
424,Ardath,2003-06-01
425,Ingra,1995-08-12
426,Aveline,2003-04-02
427,Salomone,1996-07-10
428,Korie,2004-06-24
429,Rossie,1998-05-22
430,Slade,1998-02-06
431,Prissie,2001-06-10
432,Cynthie,2004-04-13
433,Effie,2001-07-25
434,Pen,2003-10-25
435,Kit,2001-09-21
436,Gertrudis,1995-01-25
437,Silvio,1997-12-31
438,Bessy,2002-11-27
439,Art,2005-08-22
440,Mar,2004-03-28
441,Melodee,1996-08-09
442,Annalise,1996-07-29
443,Dara,2004-05-29
444,Casper,1996-07-19
445,Carla,1999-04-24
446,Cornelia,1997-09-27
447,Akim,1998-04-17
448,Beulah,1999-11-03
449,Haroun,2000-11-20
450,Salvador,1999-04-01
451,Ossie,1997-07-18
452,Barnaby,1996-05-13
453,Mose,1999-10-29
454,Barnett,1999-10-18
455,Ransom,2000-01-21
456,Davin,2001-02-04
457,Livvyy,2003-02-06
458,Selie,2003-06-09
459,Dayna,1999-01-03
460,Tonnie,2002-03-07
461,Gus,1996-06-04
462,Korey,2004-01-03
463,Colet,2004-06-14
464,Cristin,1996-09-17
465,Cherie,1999-01-30
466,Stoddard,1996-07-06
467,Enrique,1999-12-02
468,Jeanne,2005-05-28
469,Tirrell,2004-10-20
470,Travers,1995-02-22
471,Neron,2004-06-26
472,Wyndham,2004-10-15
473,Ev,2003-01-29
474,Tallou,2004-01-07
475,Karlik,2000-10-09
476,Robbie,2003-08-27
477,Stephani,1996-06-05
478,Cornie,2005-10-18
479,Adolf,2000-03-12
480,Celine,2005-09-27
481,Morse,2001-12-07
482,Alix,2003-10-12
483,Sarina,2005-03-15
484,Milty,1998-12-09
485,Averil,2004-05-22
486,Fifi,1998-02-05
487,Charline,1997-03-11
488,Brendin,2001-06-10
489,Leeann,2002-01-07
490,Hildagard,2001-07-20
491,Cynthy,2005-09-23
492,Lilla,2005-07-09
493,Auria,2003-06-17
494,Ericha,1995-02-06
495,Dollie,1996-09-27
496,Eberhard,2003-11-25
497,Broderic,2002-10-21
498,Emmi,2002-10-06
499,Dominique,2004-10-07
500,Pattie,2005-06-02
501,Korella,2005-08-29
502,Amby,1998-06-01
503,Bevin,1996-06-27
504,Jamesy,2002-10-24
505,Ervin,2004-11-01
506,Mendie,1996-01-15
507,Theadora,2003-06-15
508,Loydie,2005-12-05
509,Ethan,2005-03-03
510,Lani,2001-10-01
511,Billie,1999-01-04
512,Wallie,2001-01-07
513,Edsel,2001-03-30
514,Ewart,1995-04-14
515,Goldia,1998-12-27
516,Sheri,1996-03-18
517,Nathan,1995-10-27
518,Shandy,1999-05-29
519,Mable,1998-09-05
520,Egbert,2003-02-11
521,Rodolfo,2003-11-06
522,Alejoa,2004-11-01
523,Hetty,1996-04-16
524,Kathe,1997-11-07
525,Charissa,2001-03-21
526,Franky,2001-03-23
527,Rubie,1995-03-24
528,Romonda,1998-04-15
529,Alikee,1996-06-13
530,Daryl,2002-02-13
531,Maribeth,2002-09-06
532,Druci,2003-11-15
533,Pris,2005-04-05
534,Leontine,2004-03-22
535,Gian,2002-06-17
536,Jill,2001-10-09
537,Carmina,2000-01-18
538,Constancy,2005-12-30
539,Alden,2002-05-10
540,Hayward,2002-07-28
541,Shaine,1995-10-30
542,Jecho,1997-09-29
543,Mic,2004-11-19
544,Adella,2005-08-29
545,Stevana,1999-08-15
546,Sharron,2002-06-29
547,Norene,2001-01-13
548,Jaquith,2002-07-01
549,Matty,2000-07-14
550,Mirilla,2003-03-06
551,Dwayne,2002-11-07
552,Johnette,1998-12-16
553,Wilma,2001-04-17
554,Arvy,1999-05-04
555,Antoinette,1997-11-05
556,Farly,2001-08-02
557,Euell,1999-05-09
558,Saunderson,1999-05-06
559,Jobye,1999-02-02
560,Pandora,2004-11-22
561,Doy,2001-08-29
562,Lev,2003-12-09
563,Chrysler,1995-11-30
564,Donnajean,1999-12-24
565,Jack,2001-06-08
566,Lara,2003-02-23
567,Sarene,2000-03-11
568,Sanders,2002-03-06
569,Fayina,1996-02-03
570,Neville,1998-02-15
571,Giffie,2002-03-01
572,Benji,2004-05-21
573,Janenna,2002-05-31
574,Maia,2003-12-29
575,Mariquilla,2002-04-09
576,Creighton,1996-04-27
577,Kain,1998-04-01
578,Georgena,2005-10-18
579,Drugi,1995-07-12
580,Benton,2001-12-11
581,Philly,1995-11-22
582,Ray,2005-02-12
583,Lexy,1997-01-05
584,Vachel,1996-12-01
585,Robbin,1998-11-08
586,Chicky,1997-06-29
587,Cozmo,2001-07-30
588,Levy,1996-05-19
589,Rey,2001-04-10
590,Daniel,1998-01-20
591,Debora,1999-09-13
592,Fitz,2004-11-15
593,Cheryl,1999-05-30
594,Jonathan,1995-04-22
595,Jacquenette,1998-02-02
596,Shayna,2002-07-19
597,Mersey,1997-09-17
598,Anne,1999-10-20
599,Zita,2003-04-27
600,Adele,2000-11-15
601,Ulrika,2002-07-10
602,Simone,1998-02-09
603,Auria,1995-04-04
604,Kinnie,2002-09-26
605,Adina,2005-06-14
606,Lamar,1999-01-20
607,Donna,1998-04-16
608,Dickie,1999-01-16
609,Frannie,2003-06-21
610,Valdemar,1997-06-14
611,Kylila,2002-01-01
612,Pauly,2004-08-29
613,Germain,2001-02-07
614,Mellicent,2001-01-12
615,Jaquenette,2005-11-04
616,Fields,1995-02-21
617,Thalia,1996-02-04
618,Hilario,2000-03-03
619,Amandi,1997-05-27
620,Giovanna,1998-02-25
621,Lorrin,1999-09-07
622,Renell,1999-07-18
623,Dulcinea,2002-04-16
624,Eilis,2003-10-21
625,Fara,2002-10-10
626,Guillema,2005-08-29
627,Elena,2003-03-28
628,Edmon,1996-04-19
629,Ogdan,2001-10-30
630,Kara,1995-08-05
631,Gwenora,2001-09-10
632,Lona,2003-04-21
633,Nickolas,2004-07-01
634,Sibley,2000-05-02
635,Nickolas,1995-07-12
636,Dorelle,1998-02-18
637,Mildrid,2000-08-28
638,Tobin,2004-04-04
639,Aguistin,2004-06-04
640,Caritta,2001-03-30
641,Heather,1995-06-23
642,Darcee,2001-04-26
643,Luis,1997-11-16
644,Clyde,2003-06-12
645,Filmore,1998-10-12
646,Vergil,1995-12-28
647,Fifi,1996-05-10
648,Tuesday,1995-07-20
649,Doug,1996-02-12
650,Darb,2001-01-27
651,Merissa,2002-01-21
652,Patience,1998-12-05
653,Melva,1995-04-12
654,Maggie,1999-02-02
655,Aurelia,2000-03-30
656,Doti,1995-02-19
657,Diahann,1997-07-11
658,Merrel,1999-11-19
659,Lorelei,2005-04-16
660,Benji,2002-07-18
661,Thomasine,1996-02-03
662,Alix,2004-02-13
663,Farlee,2001-04-01
664,Jesus,2005-08-30
665,Rodolph,1995-11-07
666,Lorne,1998-10-19
667,Edna,2001-06-15
668,Barry,2002-11-18
669,Tommie,1995-11-22
670,Ferdinanda,2001-01-27
671,Elbert,1998-03-29
672,Eugenia,2004-09-27
673,Charlotta,2000-05-15
674,Fern,2004-10-12
675,Tannie,1996-11-07
676,Latashia,1998-01-11
677,Thatch,1999-08-05
678,Shaylah,1998-02-28
679,Caty,2004-07-16
680,Kass,1996-12-20
681,Joey,2005-11-21
682,Juan,2001-06-11
683,Brigit,1996-07-09
684,Angelle,1996-05-04
685,Reuben,1998-08-20
686,Lettie,1999-03-03
687,Wilow,2000-04-29
688,Carolina,1995-10-12
689,Garnette,2002-05-24
690,Towny,2003-02-01
691,Atlante,2004-04-29
692,Dell,1997-09-10
693,Erek,1999-04-18
694,Arvie,1995-04-07
695,Marjy,1996-01-27
696,Ardelle,2003-01-17
697,Athena,1997-12-31
698,Nonnah,1995-08-16
699,Jamal,1998-08-26
700,Gilburt,2001-10-01
701,Maria,2003-09-24
702,Dory,2004-01-18
703,Kellyann,1997-11-11
704,Barclay,1995-06-11
705,Melisenda,2002-07-20
706,Angel,2002-05-24
707,Kimmi,1995-05-04
708,Casandra,2000-03-18
709,Ericka,2000-05-09
710,Maybelle,1995-09-25
711,Tiffie,2003-08-22
712,Joete,2005-04-24
713,Glendon,2000-02-29
714,Garland,2005-04-19
715,Jeannette,1998-03-27
716,Eddie,2000-06-12
717,Enrique,2004-04-11
718,Arturo,1998-11-08
719,Chadwick,2002-12-16
720,Kevin,2002-09-28
721,Alison,1999-04-13
722,Davina,2003-10-24
723,Kizzee,1995-02-04
724,Artemus,1998-09-11
725,Elicia,2004-12-21
726,Sallyanne,2000-01-20
727,Ray,1998-08-23
728,Ange,2002-11-01
729,Olympe,2000-09-09
730,Sascha,2005-10-11
731,Austina,2004-03-12
732,Cinda,2003-10-21
733,Electra,1995-07-03
734,Gardiner,1998-12-14
735,Misti,2004-09-06
736,Blanch,2005-03-18
737,Katy,1999-07-29
738,Frans,1995-12-12
739,Jayne,1995-12-29
740,Tomasine,1999-11-23
741,Moshe,2002-12-02
742,Cecilius,2005-09-13
743,Val,1995-08-13
744,Lannie,2003-12-02
745,Silvester,1999-05-30
746,Agnese,2004-05-17
747,Genni,2001-10-08
748,Jilly,2004-10-22
749,Tedman,1996-02-11
750,Jacobo,2002-09-05
751,Javier,2002-05-13
752,Finley,2001-12-26
753,Del,1997-11-06
754,Roarke,1999-04-06
755,Rory,2005-07-05
756,Dorine,1997-11-06
757,Jonie,1995-03-04
758,Berrie,1996-12-10
759,Cy,1997-01-06
760,Roselin,2005-01-29
761,Dina,2000-05-30
762,Bunny,1996-01-14
763,Betsy,2002-05-09
764,Brandice,2002-06-16
765,Freemon,2004-01-15
766,Merilee,2002-11-17
767,Jase,2000-06-21
768,Tamqrah,2000-12-01
769,Thedric,2004-03-25
770,Shea,1998-04-23
771,Tyrone,2001-02-26
772,Clemens,2000-10-18
773,Neila,2004-12-03
774,Cristin,1997-10-25
775,Lori,1997-01-13
776,Letisha,1995-12-19
777,Joyous,1999-04-06
778,Matteo,1998-01-30
779,Aurelea,1995-05-13
780,Melisenda,1999-10-11
781,Lissa,2004-06-28
782,Damien,1996-09-21
783,Donia,2004-05-05
784,Roxi,2004-04-10
785,Yulma,2005-01-18
786,Mervin,1996-11-28
787,Maury,1998-11-22
788,Meriel,2005-05-15
789,Philippine,1995-02-24
790,Kamillah,2003-06-26
791,Ruthanne,2002-01-12
792,Bruce,1997-09-19
793,Lorianna,2003-10-12
794,Pammy,2002-02-04
795,Shari,1995-03-14
796,Tudor,1999-06-11
797,Jaclyn,2005-06-13
798,Lucien,2004-10-18
799,Kimbra,1996-11-07
800,Dawn,2004-05-28
801,Emelyne,1999-12-05
802,Orlan,2003-10-19
803,Dana,1998-05-24
804,Khalil,1997-05-22
805,Quentin,1999-03-09
806,Clayton,1996-09-12
807,Chrissy,2003-04-09
808,Biddie,1997-04-12
809,Celisse,2005-01-21
810,Patrizius,2002-08-12
811,Phoebe,1996-07-25
812,Tybie,2000-10-09
813,Marsh,1996-06-04
814,Cosetta,2002-03-09
815,Quill,1996-07-18
816,Thia,1998-09-22
817,Lyle,1998-03-10
818,Hillary,2005-08-17
819,Margarita,2001-11-27
820,Denney,1995-12-30
821,Ruperto,2001-06-06
822,Bridie,2000-09-14
823,Giulietta,1995-04-15
824,Jacinta,2003-11-02
825,Wash,1998-01-21
826,Marika,2003-06-08
827,Melania,2004-10-15
828,Filia,1995-06-10
829,Boony,1995-12-03
830,Sarita,2002-06-17
831,Jerry,1996-05-14
832,Corenda,2003-05-31
833,Bernelle,1999-03-25
834,Alex,2002-05-31
835,Jordan,1997-05-07
836,Brannon,1998-01-09
837,Kirstin,1995-12-12
838,Pavel,2001-10-24
839,Gipsy,2001-06-18
840,Sileas,2003-06-22
841,Ransell,1999-01-29
842,Theodoric,2003-03-30
843,Keeley,1995-05-16
844,Zabrina,2004-06-06
845,Hollis,2000-01-13
846,Vince,2005-01-14
847,Pembroke,2002-01-28
848,Alejandra,2001-03-31
849,Filip,1996-11-22
850,Issie,2004-02-07
851,Margarette,1996-05-05
852,Cory,1996-09-18
853,Gayle,2002-12-30
854,Corabelle,1998-06-08
855,Hewett,2002-06-09
856,Jourdan,1997-01-08
857,Margette,2002-05-10
858,Broddie,1997-06-02
859,Patsy,2000-03-05
860,Mercie,2004-12-10
861,Sky,1996-05-10
862,Grata,1996-10-16
863,Edie,1998-11-16
864,Danika,1997-12-30
865,Lew,1995-06-25
866,Alta,1998-02-24
867,Powell,2003-03-10
868,Marley,2005-03-03
869,Alex,1998-01-16
870,Nissie,2002-02-03
871,Annamaria,1999-03-15
872,Reagan,1996-09-27
873,Tressa,1999-04-04
874,Mirabelle,2004-05-06
875,Carson,1999-03-18
876,Buddy,2005-11-02
877,Rana,1999-12-29
878,Winthrop,2001-10-14
879,Umberto,2004-12-21
880,Wilmer,2003-08-09
881,Hans,1998-02-25
882,Budd,2000-08-02
883,Barbra,1999-09-28
884,Daryl,2005-06-01
885,Abramo,2000-11-08
886,Brook,1996-05-07
887,Fields,2001-06-12
888,Agata,1996-03-02
889,Sargent,1998-09-04
890,Brittney,1997-07-08
891,Lorrayne,2005-02-11
892,Ellie,2004-11-05
893,Brien,2000-02-19
894,Lea,1999-07-27
895,Illa,1995-03-09
896,Kearney,2002-09-01
897,Baxter,2002-10-01
898,Dorthea,1998-12-01
899,Willow,2004-02-11
900,Johann,2004-10-29
901,Joline,2002-07-22
902,Sibylle,1999-02-02
903,Antoni,1997-02-14
904,Gibby,1996-11-19
905,Kippar,2000-03-30
906,Saleem,2004-02-03
907,Mellicent,1998-12-29
908,Evangelina,1995-06-25
909,Alphonse,1999-11-11
910,Shaylah,2004-03-29
911,Jessica,2000-03-14
912,Joaquin,2000-02-24
913,Doralynn,2005-05-20
914,Loria,1998-07-21
915,Jerrine,1999-02-18
916,Gerda,2001-08-30
917,Tobey,1997-05-21
918,Talia,1995-04-17
919,Constancia,2004-01-10
920,Hebert,1998-10-30
921,Yuri,2002-10-22
922,Goldarina,2005-09-18
923,Gerik,2000-10-24
924,Jamie,2004-01-09
925,Zane,2001-02-05
926,Blake,1998-01-13
927,Mark,1997-08-14
928,Ly,2005-05-24
929,Aubine,1996-04-02
930,Lita,2005-07-28
931,Oliviero,1997-11-27
932,Auguste,2004-10-05
933,Oona,2003-12-05
934,Raeann,2003-02-14
935,Patten,1998-03-11
936,Lanita,2001-09-30
937,Ferdinande,2000-08-19
938,Thalia,1999-10-21
939,Pennie,2002-10-11
940,Yvon,2005-07-30
941,Trisha,1996-11-30
942,Octavia,2003-04-16
943,Laurie,1996-07-05
944,Henrik,1997-03-05
945,Carmen,1999-01-15
946,Boonie,1997-01-27
947,Myrtie,2003-03-22
948,Zonda,2005-07-15
949,Tome,2004-08-28
950,Krista,1999-09-18
951,Mellie,2005-08-26
952,Debor,1999-03-02
953,Ingrim,2005-10-17
954,Pearline,2003-12-30
955,Tiffy,1998-06-22
956,Anjanette,2001-05-20
957,Shane,1997-08-12
958,Amos,1996-11-15
959,Huntington,2004-01-16
960,Hilarius,1996-02-10
961,Prudy,2005-03-03
962,Fiorenze,2001-01-30
963,Antonella,1996-05-03
964,Daisy,1996-02-19
965,Ameline,1998-06-08
966,Annmaria,2002-07-22
967,Natty,2001-10-14
968,Bambi,2004-08-13
969,Dukey,1995-11-07
970,Norton,1998-03-16
971,Peyter,2000-04-17
972,Luelle,2002-03-22
973,Stavro,1998-02-17
974,Pier,1998-05-08
975,Maryann,1999-02-12
976,Melli,1995-05-29
977,Juana,2000-12-01
978,Cesya,2002-02-06
979,Pamelina,2004-09-21
980,Germain,2002-10-14
981,Leonanie,1996-01-20
982,Alex,2004-06-13
983,Riane,2002-12-25
984,Kali,2004-05-05
985,Krystal,1998-03-23
986,Aaren,2005-04-14
987,Zacharias,1996-03-18
988,Maury,2003-07-14
989,Carol-jean,1995-04-15
990,Valencia,2005-10-29
991,Fraser,2002-05-14
992,Andras,1997-01-05
993,Ignacius,2005-09-09
994,Helaine,2003-08-03
995,Arlan,2002-12-01
996,Montague,2003-03-15
997,Cati,1999-03-24
998,Tandi,2005-12-11
999,Say,2001-12-16
1000,Jorrie,1998-05-01
